event_date,event_time,event_name,event_location,selected_seat,per_ticket_price,listing_title,listing_price,listing_passes,listing_rating_score,listing_rating_label
JAN 16,THU,PARKING PASSES ONLY Phoenix Suns at Washington Wizards (Rescheduled from Jan 16 2025),"Washington, DC, USA","2 Patterson St. NE - 0.9 mi from venue - Within 1.0 mi
33 K St. NW - 0.7 mi from venue - Within 0.75 mi
72 - 975 F St. NW - 0.2 mi from venue - Within 0.25 mi
81 - 505 9th St. NW - 0.1 mi from venue - Within 0.25 mi
98 - 1101 M St. NW - 0.6 mi from venue - Within 0.75 mi
116 - 733 10th St. NW - 0.3 mi from venue - Within 0.5 mi
123 - 1152 15th St. NW - 0.9 mi from venue - Within 1.0 mi
135 - 601 13th St. NW - 0.4 mi from venue - Within 0.5 mi
140 - 901 E Street NW - 0.2 mi from venue - Within 0.25 mi
144 - 1501 K St. NW - 0.8 mi from venue - Within 1.0 mi
425 Massachusetts Ave. NW - 0.3 mi from venue - Within 0.5 mi
455 Massachusetts Ave. - 0.3 mi from venue - Within 0.5 mi
524 11th St NW 0.5 mi from venue - Within 0.5 mi
532 13th St. NW 1301 Pennsylvania Ave NW - 0.5 mi from venue - Within 0.5 mi
560 8th St NW - 0.1 mi from venue - Within 0.25 mi
573 13th St. NW 1331 Pennsylvania Ave NW - 0.5 mi from venue - Within 0.5 mi
600 E St. NW - 0.1 mi from venue - Within 0.25 mi
600 New York Ave NW - 0.4 mi from venue - Within 0.5 mi
601 Pennsylvania Ave. - 0.3 mi from venue - Within 0.5 mi
608 10th St NW - 0.3 mi from venue - Within 0.5 mi
609 10th St NW - 0.3 mi from venue - Within 0.5 mi
612 9th St. NW. - 0.2 mi from venue - Within 0.25 mi
625 Indiana Ave NW - 0.2 mi from venue - Within 0.25 mi
650 Mass Ave - 0.2 mi from venue - Within 0.25 mi
716 10th St. NW 1001 G St. NW - 0.3 mi from venue - Within 0.5 mi
732 6th St. NW - 0.1 mi from venue - Within 0.25 mi
818 Connecticut Ave. NW - 1 mi from venue - Within 1.0 mi
900 G St. NW Garage - Within 0.25 mi
901 5th St. NW - 0.3 mi from venue - Within 0.5 mi
901 7th St. NW - Within 0.25 mi
901 E Street NW - 0.2 mi from venue - Within 0.25 mi
909 7th St. NW. - 0.2 mi from venue - Within 0.25 mi
916 H St. NW - 0.2 mi from venue - Within 0.25 mi
1090 Vermont Ave NW - 0.8 mi from venue - Within 1.0 mi
1120 Vermont Ave NW - 0.8 mi from venue - Within 1.0 mi
1125 15th St. NW - 0.8 mi from venue - Within 1.0 mi
1441 L St NW - 0.8 mi from venue - Within 1.0 mi
1500 Massachusetts Ave. NW - 1 mi from venue - Within 1.0 mi
1602 L St. NW - 0.9 mi from venue - Within 1.0 mi
1620 I St NW - 0.9 mi from venue - Within 1.0 mi
Capital One Arena Garage - Arena Parking Garage
Courtyard Marriot 900 F St. NW - 0.2 mi from venue - Within 0.25 mi
Gallery Place 6th St NW - Within 0.25 mi
Hilton Garden Inn 815 14th St. NW - 0.6 mi from venue - Within 0.75 mi
Hotel Monaco - 0.1 mi from venue - Within 0.25 mi
Loews Madison Hotel - 0.9 mi from venue - Within 1.0 mi
Market Square - 0.2 mi from venue - Within 0.25 mi
Renaissance Hotel 999 9th St. NW - 0.3 mi from venue - Within 0.5 mi
The Capital Hilton 1001 16th St. NW - 0.9 mi from venue - Within 1.0 mi
Washington DC - Westin City Center Hotel - 0.8 mi from venue - Within 1.0 mi
Washington Marriott at Metro Center 775 12th St. NW - 0.4 mi from venue - Within 0.5 mi
Washington Plaza 10 Thomas Circle NW. - 0.8 mi from venue - Within 1.0 mi",15,609 10th St NW - 0.3 mi from venue,$10,1 pass,10.0,Amazing
JAN 16,THU,PARKING PASSES ONLY Phoenix Suns at Washington Wizards (Rescheduled from Jan 16 2025),"Washington, DC, USA","2 Patterson St. NE - 0.9 mi from venue - Within 1.0 mi
33 K St. NW - 0.7 mi from venue - Within 0.75 mi
72 - 975 F St. NW - 0.2 mi from venue - Within 0.25 mi
81 - 505 9th St. NW - 0.1 mi from venue - Within 0.25 mi
98 - 1101 M St. NW - 0.6 mi from venue - Within 0.75 mi
116 - 733 10th St. NW - 0.3 mi from venue - Within 0.5 mi
123 - 1152 15th St. NW - 0.9 mi from venue - Within 1.0 mi
135 - 601 13th St. NW - 0.4 mi from venue - Within 0.5 mi
140 - 901 E Street NW - 0.2 mi from venue - Within 0.25 mi
144 - 1501 K St. NW - 0.8 mi from venue - Within 1.0 mi
425 Massachusetts Ave. NW - 0.3 mi from venue - Within 0.5 mi
455 Massachusetts Ave. - 0.3 mi from venue - Within 0.5 mi
524 11th St NW 0.5 mi from venue - Within 0.5 mi
532 13th St. NW 1301 Pennsylvania Ave NW - 0.5 mi from venue - Within 0.5 mi
560 8th St NW - 0.1 mi from venue - Within 0.25 mi
573 13th St. NW 1331 Pennsylvania Ave NW - 0.5 mi from venue - Within 0.5 mi
600 E St. NW - 0.1 mi from venue - Within 0.25 mi
600 New York Ave NW - 0.4 mi from venue - Within 0.5 mi
601 Pennsylvania Ave. - 0.3 mi from venue - Within 0.5 mi
608 10th St NW - 0.3 mi from venue - Within 0.5 mi
609 10th St NW - 0.3 mi from venue - Within 0.5 mi
612 9th St. NW. - 0.2 mi from venue - Within 0.25 mi
625 Indiana Ave NW - 0.2 mi from venue - Within 0.25 mi
650 Mass Ave - 0.2 mi from venue - Within 0.25 mi
716 10th St. NW 1001 G St. NW - 0.3 mi from venue - Within 0.5 mi
732 6th St. NW - 0.1 mi from venue - Within 0.25 mi
818 Connecticut Ave. NW - 1 mi from venue - Within 1.0 mi
900 G St. NW Garage - Within 0.25 mi
901 5th St. NW - 0.3 mi from venue - Within 0.5 mi
901 7th St. NW - Within 0.25 mi
901 E Street NW - 0.2 mi from venue - Within 0.25 mi
909 7th St. NW. - 0.2 mi from venue - Within 0.25 mi
916 H St. NW - 0.2 mi from venue - Within 0.25 mi
1090 Vermont Ave NW - 0.8 mi from venue - Within 1.0 mi
1120 Vermont Ave NW - 0.8 mi from venue - Within 1.0 mi
1125 15th St. NW - 0.8 mi from venue - Within 1.0 mi
1441 L St NW - 0.8 mi from venue - Within 1.0 mi
1500 Massachusetts Ave. NW - 1 mi from venue - Within 1.0 mi
1602 L St. NW - 0.9 mi from venue - Within 1.0 mi
1620 I St NW - 0.9 mi from venue - Within 1.0 mi
Capital One Arena Garage - Arena Parking Garage
Courtyard Marriot 900 F St. NW - 0.2 mi from venue - Within 0.25 mi
Gallery Place 6th St NW - Within 0.25 mi
Hilton Garden Inn 815 14th St. NW - 0.6 mi from venue - Within 0.75 mi
Hotel Monaco - 0.1 mi from venue - Within 0.25 mi
Loews Madison Hotel - 0.9 mi from venue - Within 1.0 mi
Market Square - 0.2 mi from venue - Within 0.25 mi
Renaissance Hotel 999 9th St. NW - 0.3 mi from venue - Within 0.5 mi
The Capital Hilton 1001 16th St. NW - 0.9 mi from venue - Within 1.0 mi
Washington DC - Westin City Center Hotel - 0.8 mi from venue - Within 1.0 mi
Washington Marriott at Metro Center 775 12th St. NW - 0.4 mi from venue - Within 0.5 mi
Washington Plaza 10 Thomas Circle NW. - 0.8 mi from venue - Within 1.0 mi",15,Parking within 1.2 mi from venue,$11,1 pass,,
JAN 16,THU,PARKING PASSES ONLY Phoenix Suns at Washington Wizards (Rescheduled from Jan 16 2025),"Washington, DC, USA","2 Patterson St. NE - 0.9 mi from venue - Within 1.0 mi
33 K St. NW - 0.7 mi from venue - Within 0.75 mi
72 - 975 F St. NW - 0.2 mi from venue - Within 0.25 mi
81 - 505 9th St. NW - 0.1 mi from venue - Within 0.25 mi
98 - 1101 M St. NW - 0.6 mi from venue - Within 0.75 mi
116 - 733 10th St. NW - 0.3 mi from venue - Within 0.5 mi
123 - 1152 15th St. NW - 0.9 mi from venue - Within 1.0 mi
135 - 601 13th St. NW - 0.4 mi from venue - Within 0.5 mi
140 - 901 E Street NW - 0.2 mi from venue - Within 0.25 mi
144 - 1501 K St. NW - 0.8 mi from venue - Within 1.0 mi
425 Massachusetts Ave. NW - 0.3 mi from venue - Within 0.5 mi
455 Massachusetts Ave. - 0.3 mi from venue - Within 0.5 mi
524 11th St NW 0.5 mi from venue - Within 0.5 mi
532 13th St. NW 1301 Pennsylvania Ave NW - 0.5 mi from venue - Within 0.5 mi
560 8th St NW - 0.1 mi from venue - Within 0.25 mi
573 13th St. NW 1331 Pennsylvania Ave NW - 0.5 mi from venue - Within 0.5 mi
600 E St. NW - 0.1 mi from venue - Within 0.25 mi
600 New York Ave NW - 0.4 mi from venue - Within 0.5 mi
601 Pennsylvania Ave. - 0.3 mi from venue - Within 0.5 mi
608 10th St NW - 0.3 mi from venue - Within 0.5 mi
609 10th St NW - 0.3 mi from venue - Within 0.5 mi
612 9th St. NW. - 0.2 mi from venue - Within 0.25 mi
625 Indiana Ave NW - 0.2 mi from venue - Within 0.25 mi
650 Mass Ave - 0.2 mi from venue - Within 0.25 mi
716 10th St. NW 1001 G St. NW - 0.3 mi from venue - Within 0.5 mi
732 6th St. NW - 0.1 mi from venue - Within 0.25 mi
818 Connecticut Ave. NW - 1 mi from venue - Within 1.0 mi
900 G St. NW Garage - Within 0.25 mi
901 5th St. NW - 0.3 mi from venue - Within 0.5 mi
901 7th St. NW - Within 0.25 mi
901 E Street NW - 0.2 mi from venue - Within 0.25 mi
909 7th St. NW. - 0.2 mi from venue - Within 0.25 mi
916 H St. NW - 0.2 mi from venue - Within 0.25 mi
1090 Vermont Ave NW - 0.8 mi from venue - Within 1.0 mi
1120 Vermont Ave NW - 0.8 mi from venue - Within 1.0 mi
1125 15th St. NW - 0.8 mi from venue - Within 1.0 mi
1441 L St NW - 0.8 mi from venue - Within 1.0 mi
1500 Massachusetts Ave. NW - 1 mi from venue - Within 1.0 mi
1602 L St. NW - 0.9 mi from venue - Within 1.0 mi
1620 I St NW - 0.9 mi from venue - Within 1.0 mi
Capital One Arena Garage - Arena Parking Garage
Courtyard Marriot 900 F St. NW - 0.2 mi from venue - Within 0.25 mi
Gallery Place 6th St NW - Within 0.25 mi
Hilton Garden Inn 815 14th St. NW - 0.6 mi from venue - Within 0.75 mi
Hotel Monaco - 0.1 mi from venue - Within 0.25 mi
Loews Madison Hotel - 0.9 mi from venue - Within 1.0 mi
Market Square - 0.2 mi from venue - Within 0.25 mi
Renaissance Hotel 999 9th St. NW - 0.3 mi from venue - Within 0.5 mi
The Capital Hilton 1001 16th St. NW - 0.9 mi from venue - Within 1.0 mi
Washington DC - Westin City Center Hotel - 0.8 mi from venue - Within 1.0 mi
Washington Marriott at Metro Center 775 12th St. NW - 0.4 mi from venue - Within 0.5 mi
Washington Plaza 10 Thomas Circle NW. - 0.8 mi from venue - Within 1.0 mi",15,72 - 975 F St. NW - 0.2 mi from venue,$12,1 pass,8.4,Great
JAN 16,THU,PARKING PASSES ONLY Phoenix Suns at Washington Wizards (Rescheduled from Jan 16 2025),"Washington, DC, USA","2 Patterson St. NE - 0.9 mi from venue - Within 1.0 mi
33 K St. NW - 0.7 mi from venue - Within 0.75 mi
72 - 975 F St. NW - 0.2 mi from venue - Within 0.25 mi
81 - 505 9th St. NW - 0.1 mi from venue - Within 0.25 mi
98 - 1101 M St. NW - 0.6 mi from venue - Within 0.75 mi
116 - 733 10th St. NW - 0.3 mi from venue - Within 0.5 mi
123 - 1152 15th St. NW - 0.9 mi from venue - Within 1.0 mi
135 - 601 13th St. NW - 0.4 mi from venue - Within 0.5 mi
140 - 901 E Street NW - 0.2 mi from venue - Within 0.25 mi
144 - 1501 K St. NW - 0.8 mi from venue - Within 1.0 mi
425 Massachusetts Ave. NW - 0.3 mi from venue - Within 0.5 mi
455 Massachusetts Ave. - 0.3 mi from venue - Within 0.5 mi
524 11th St NW 0.5 mi from venue - Within 0.5 mi
532 13th St. NW 1301 Pennsylvania Ave NW - 0.5 mi from venue - Within 0.5 mi
560 8th St NW - 0.1 mi from venue - Within 0.25 mi
573 13th St. NW 1331 Pennsylvania Ave NW - 0.5 mi from venue - Within 0.5 mi
600 E St. NW - 0.1 mi from venue - Within 0.25 mi
600 New York Ave NW - 0.4 mi from venue - Within 0.5 mi
601 Pennsylvania Ave. - 0.3 mi from venue - Within 0.5 mi
608 10th St NW - 0.3 mi from venue - Within 0.5 mi
609 10th St NW - 0.3 mi from venue - Within 0.5 mi
612 9th St. NW. - 0.2 mi from venue - Within 0.25 mi
625 Indiana Ave NW - 0.2 mi from venue - Within 0.25 mi
650 Mass Ave - 0.2 mi from venue - Within 0.25 mi
716 10th St. NW 1001 G St. NW - 0.3 mi from venue - Within 0.5 mi
732 6th St. NW - 0.1 mi from venue - Within 0.25 mi
818 Connecticut Ave. NW - 1 mi from venue - Within 1.0 mi
900 G St. NW Garage - Within 0.25 mi
901 5th St. NW - 0.3 mi from venue - Within 0.5 mi
901 7th St. NW - Within 0.25 mi
901 E Street NW - 0.2 mi from venue - Within 0.25 mi
909 7th St. NW. - 0.2 mi from venue - Within 0.25 mi
916 H St. NW - 0.2 mi from venue - Within 0.25 mi
1090 Vermont Ave NW - 0.8 mi from venue - Within 1.0 mi
1120 Vermont Ave NW - 0.8 mi from venue - Within 1.0 mi
1125 15th St. NW - 0.8 mi from venue - Within 1.0 mi
1441 L St NW - 0.8 mi from venue - Within 1.0 mi
1500 Massachusetts Ave. NW - 1 mi from venue - Within 1.0 mi
1602 L St. NW - 0.9 mi from venue - Within 1.0 mi
1620 I St NW - 0.9 mi from venue - Within 1.0 mi
Capital One Arena Garage - Arena Parking Garage
Courtyard Marriot 900 F St. NW - 0.2 mi from venue - Within 0.25 mi
Gallery Place 6th St NW - Within 0.25 mi
Hilton Garden Inn 815 14th St. NW - 0.6 mi from venue - Within 0.75 mi
Hotel Monaco - 0.1 mi from venue - Within 0.25 mi
Loews Madison Hotel - 0.9 mi from venue - Within 1.0 mi
Market Square - 0.2 mi from venue - Within 0.25 mi
Renaissance Hotel 999 9th St. NW - 0.3 mi from venue - Within 0.5 mi
The Capital Hilton 1001 16th St. NW - 0.9 mi from venue - Within 1.0 mi
Washington DC - Westin City Center Hotel - 0.8 mi from venue - Within 1.0 mi
Washington Marriott at Metro Center 775 12th St. NW - 0.4 mi from venue - Within 0.5 mi
Washington Plaza 10 Thomas Circle NW. - 0.8 mi from venue - Within 1.0 mi",15,Parking within .3 miles from venue,$12,1 pass,,
JAN 16,THU,PARKING PASSES ONLY Phoenix Suns at Washington Wizards (Rescheduled from Jan 16 2025),"Washington, DC, USA","2 Patterson St. NE - 0.9 mi from venue - Within 1.0 mi
33 K St. NW - 0.7 mi from venue - Within 0.75 mi
72 - 975 F St. NW - 0.2 mi from venue - Within 0.25 mi
81 - 505 9th St. NW - 0.1 mi from venue - Within 0.25 mi
98 - 1101 M St. NW - 0.6 mi from venue - Within 0.75 mi
116 - 733 10th St. NW - 0.3 mi from venue - Within 0.5 mi
123 - 1152 15th St. NW - 0.9 mi from venue - Within 1.0 mi
135 - 601 13th St. NW - 0.4 mi from venue - Within 0.5 mi
140 - 901 E Street NW - 0.2 mi from venue - Within 0.25 mi
144 - 1501 K St. NW - 0.8 mi from venue - Within 1.0 mi
425 Massachusetts Ave. NW - 0.3 mi from venue - Within 0.5 mi
455 Massachusetts Ave. - 0.3 mi from venue - Within 0.5 mi
524 11th St NW 0.5 mi from venue - Within 0.5 mi
532 13th St. NW 1301 Pennsylvania Ave NW - 0.5 mi from venue - Within 0.5 mi
560 8th St NW - 0.1 mi from venue - Within 0.25 mi
573 13th St. NW 1331 Pennsylvania Ave NW - 0.5 mi from venue - Within 0.5 mi
600 E St. NW - 0.1 mi from venue - Within 0.25 mi
600 New York Ave NW - 0.4 mi from venue - Within 0.5 mi
601 Pennsylvania Ave. - 0.3 mi from venue - Within 0.5 mi
608 10th St NW - 0.3 mi from venue - Within 0.5 mi
609 10th St NW - 0.3 mi from venue - Within 0.5 mi
612 9th St. NW. - 0.2 mi from venue - Within 0.25 mi
625 Indiana Ave NW - 0.2 mi from venue - Within 0.25 mi
650 Mass Ave - 0.2 mi from venue - Within 0.25 mi
716 10th St. NW 1001 G St. NW - 0.3 mi from venue - Within 0.5 mi
732 6th St. NW - 0.1 mi from venue - Within 0.25 mi
818 Connecticut Ave. NW - 1 mi from venue - Within 1.0 mi
900 G St. NW Garage - Within 0.25 mi
901 5th St. NW - 0.3 mi from venue - Within 0.5 mi
901 7th St. NW - Within 0.25 mi
901 E Street NW - 0.2 mi from venue - Within 0.25 mi
909 7th St. NW. - 0.2 mi from venue - Within 0.25 mi
916 H St. NW - 0.2 mi from venue - Within 0.25 mi
1090 Vermont Ave NW - 0.8 mi from venue - Within 1.0 mi
1120 Vermont Ave NW - 0.8 mi from venue - Within 1.0 mi
1125 15th St. NW - 0.8 mi from venue - Within 1.0 mi
1441 L St NW - 0.8 mi from venue - Within 1.0 mi
1500 Massachusetts Ave. NW - 1 mi from venue - Within 1.0 mi
1602 L St. NW - 0.9 mi from venue - Within 1.0 mi
1620 I St NW - 0.9 mi from venue - Within 1.0 mi
Capital One Arena Garage - Arena Parking Garage
Courtyard Marriot 900 F St. NW - 0.2 mi from venue - Within 0.25 mi
Gallery Place 6th St NW - Within 0.25 mi
Hilton Garden Inn 815 14th St. NW - 0.6 mi from venue - Within 0.75 mi
Hotel Monaco - 0.1 mi from venue - Within 0.25 mi
Loews Madison Hotel - 0.9 mi from venue - Within 1.0 mi
Market Square - 0.2 mi from venue - Within 0.25 mi
Renaissance Hotel 999 9th St. NW - 0.3 mi from venue - Within 0.5 mi
The Capital Hilton 1001 16th St. NW - 0.9 mi from venue - Within 1.0 mi
Washington DC - Westin City Center Hotel - 0.8 mi from venue - Within 1.0 mi
Washington Marriott at Metro Center 775 12th St. NW - 0.4 mi from venue - Within 0.5 mi
Washington Plaza 10 Thomas Circle NW. - 0.8 mi from venue - Within 1.0 mi",15,733 10TH ST,$13,1 pass,,
JAN 16,THU,PARKING PASSES ONLY Phoenix Suns at Washington Wizards (Rescheduled from Jan 16 2025),"Washington, DC, USA","2 Patterson St. NE - 0.9 mi from venue - Within 1.0 mi
33 K St. NW - 0.7 mi from venue - Within 0.75 mi
72 - 975 F St. NW - 0.2 mi from venue - Within 0.25 mi
81 - 505 9th St. NW - 0.1 mi from venue - Within 0.25 mi
98 - 1101 M St. NW - 0.6 mi from venue - Within 0.75 mi
116 - 733 10th St. NW - 0.3 mi from venue - Within 0.5 mi
123 - 1152 15th St. NW - 0.9 mi from venue - Within 1.0 mi
135 - 601 13th St. NW - 0.4 mi from venue - Within 0.5 mi
140 - 901 E Street NW - 0.2 mi from venue - Within 0.25 mi
144 - 1501 K St. NW - 0.8 mi from venue - Within 1.0 mi
425 Massachusetts Ave. NW - 0.3 mi from venue - Within 0.5 mi
455 Massachusetts Ave. - 0.3 mi from venue - Within 0.5 mi
524 11th St NW 0.5 mi from venue - Within 0.5 mi
532 13th St. NW 1301 Pennsylvania Ave NW - 0.5 mi from venue - Within 0.5 mi
560 8th St NW - 0.1 mi from venue - Within 0.25 mi
573 13th St. NW 1331 Pennsylvania Ave NW - 0.5 mi from venue - Within 0.5 mi
600 E St. NW - 0.1 mi from venue - Within 0.25 mi
600 New York Ave NW - 0.4 mi from venue - Within 0.5 mi
601 Pennsylvania Ave. - 0.3 mi from venue - Within 0.5 mi
608 10th St NW - 0.3 mi from venue - Within 0.5 mi
609 10th St NW - 0.3 mi from venue - Within 0.5 mi
612 9th St. NW. - 0.2 mi from venue - Within 0.25 mi
625 Indiana Ave NW - 0.2 mi from venue - Within 0.25 mi
650 Mass Ave - 0.2 mi from venue - Within 0.25 mi
716 10th St. NW 1001 G St. NW - 0.3 mi from venue - Within 0.5 mi
732 6th St. NW - 0.1 mi from venue - Within 0.25 mi
818 Connecticut Ave. NW - 1 mi from venue - Within 1.0 mi
900 G St. NW Garage - Within 0.25 mi
901 5th St. NW - 0.3 mi from venue - Within 0.5 mi
901 7th St. NW - Within 0.25 mi
901 E Street NW - 0.2 mi from venue - Within 0.25 mi
909 7th St. NW. - 0.2 mi from venue - Within 0.25 mi
916 H St. NW - 0.2 mi from venue - Within 0.25 mi
1090 Vermont Ave NW - 0.8 mi from venue - Within 1.0 mi
1120 Vermont Ave NW - 0.8 mi from venue - Within 1.0 mi
1125 15th St. NW - 0.8 mi from venue - Within 1.0 mi
1441 L St NW - 0.8 mi from venue - Within 1.0 mi
1500 Massachusetts Ave. NW - 1 mi from venue - Within 1.0 mi
1602 L St. NW - 0.9 mi from venue - Within 1.0 mi
1620 I St NW - 0.9 mi from venue - Within 1.0 mi
Capital One Arena Garage - Arena Parking Garage
Courtyard Marriot 900 F St. NW - 0.2 mi from venue - Within 0.25 mi
Gallery Place 6th St NW - Within 0.25 mi
Hilton Garden Inn 815 14th St. NW - 0.6 mi from venue - Within 0.75 mi
Hotel Monaco - 0.1 mi from venue - Within 0.25 mi
Loews Madison Hotel - 0.9 mi from venue - Within 1.0 mi
Market Square - 0.2 mi from venue - Within 0.25 mi
Renaissance Hotel 999 9th St. NW - 0.3 mi from venue - Within 0.5 mi
The Capital Hilton 1001 16th St. NW - 0.9 mi from venue - Within 1.0 mi
Washington DC - Westin City Center Hotel - 0.8 mi from venue - Within 1.0 mi
Washington Marriott at Metro Center 775 12th St. NW - 0.4 mi from venue - Within 0.5 mi
Washington Plaza 10 Thomas Circle NW. - 0.8 mi from venue - Within 1.0 mi",15,CARROLL SQUARE GARAGE - 0.3 MI AWAY,$13,1 pass,,
JAN 16,THU,PARKING PASSES ONLY Phoenix Suns at Washington Wizards (Rescheduled from Jan 16 2025),"Washington, DC, USA","2 Patterson St. NE - 0.9 mi from venue - Within 1.0 mi
33 K St. NW - 0.7 mi from venue - Within 0.75 mi
72 - 975 F St. NW - 0.2 mi from venue - Within 0.25 mi
81 - 505 9th St. NW - 0.1 mi from venue - Within 0.25 mi
98 - 1101 M St. NW - 0.6 mi from venue - Within 0.75 mi
116 - 733 10th St. NW - 0.3 mi from venue - Within 0.5 mi
123 - 1152 15th St. NW - 0.9 mi from venue - Within 1.0 mi
135 - 601 13th St. NW - 0.4 mi from venue - Within 0.5 mi
140 - 901 E Street NW - 0.2 mi from venue - Within 0.25 mi
144 - 1501 K St. NW - 0.8 mi from venue - Within 1.0 mi
425 Massachusetts Ave. NW - 0.3 mi from venue - Within 0.5 mi
455 Massachusetts Ave. - 0.3 mi from venue - Within 0.5 mi
524 11th St NW 0.5 mi from venue - Within 0.5 mi
532 13th St. NW 1301 Pennsylvania Ave NW - 0.5 mi from venue - Within 0.5 mi
560 8th St NW - 0.1 mi from venue - Within 0.25 mi
573 13th St. NW 1331 Pennsylvania Ave NW - 0.5 mi from venue - Within 0.5 mi
600 E St. NW - 0.1 mi from venue - Within 0.25 mi
600 New York Ave NW - 0.4 mi from venue - Within 0.5 mi
601 Pennsylvania Ave. - 0.3 mi from venue - Within 0.5 mi
608 10th St NW - 0.3 mi from venue - Within 0.5 mi
609 10th St NW - 0.3 mi from venue - Within 0.5 mi
612 9th St. NW. - 0.2 mi from venue - Within 0.25 mi
625 Indiana Ave NW - 0.2 mi from venue - Within 0.25 mi
650 Mass Ave - 0.2 mi from venue - Within 0.25 mi
716 10th St. NW 1001 G St. NW - 0.3 mi from venue - Within 0.5 mi
732 6th St. NW - 0.1 mi from venue - Within 0.25 mi
818 Connecticut Ave. NW - 1 mi from venue - Within 1.0 mi
900 G St. NW Garage - Within 0.25 mi
901 5th St. NW - 0.3 mi from venue - Within 0.5 mi
901 7th St. NW - Within 0.25 mi
901 E Street NW - 0.2 mi from venue - Within 0.25 mi
909 7th St. NW. - 0.2 mi from venue - Within 0.25 mi
916 H St. NW - 0.2 mi from venue - Within 0.25 mi
1090 Vermont Ave NW - 0.8 mi from venue - Within 1.0 mi
1120 Vermont Ave NW - 0.8 mi from venue - Within 1.0 mi
1125 15th St. NW - 0.8 mi from venue - Within 1.0 mi
1441 L St NW - 0.8 mi from venue - Within 1.0 mi
1500 Massachusetts Ave. NW - 1 mi from venue - Within 1.0 mi
1602 L St. NW - 0.9 mi from venue - Within 1.0 mi
1620 I St NW - 0.9 mi from venue - Within 1.0 mi
Capital One Arena Garage - Arena Parking Garage
Courtyard Marriot 900 F St. NW - 0.2 mi from venue - Within 0.25 mi
Gallery Place 6th St NW - Within 0.25 mi
Hilton Garden Inn 815 14th St. NW - 0.6 mi from venue - Within 0.75 mi
Hotel Monaco - 0.1 mi from venue - Within 0.25 mi
Loews Madison Hotel - 0.9 mi from venue - Within 1.0 mi
Market Square - 0.2 mi from venue - Within 0.25 mi
Renaissance Hotel 999 9th St. NW - 0.3 mi from venue - Within 0.5 mi
The Capital Hilton 1001 16th St. NW - 0.9 mi from venue - Within 1.0 mi
Washington DC - Westin City Center Hotel - 0.8 mi from venue - Within 1.0 mi
Washington Marriott at Metro Center 775 12th St. NW - 0.4 mi from venue - Within 0.5 mi
Washington Plaza 10 Thomas Circle NW. - 0.8 mi from venue - Within 1.0 mi",15,116 - 733 10th St. NW - 0.3 mi from venue,$14,1 pass,9.1,Amazing
